ID RMU,Nume,Universitate,ID Universitate,EsteScoalaDoctorala,An
1382,Facultatea de Științe Aplicate,"Universitatea ""Danubius"" din Galaţi",75,0,2020
1385,Facultatea de Economie și Administrarea Afacerilor,"Universitatea Creştină ""Dimitrie Cantemir"" din Bucureşti",57,0,2020
1391,Facultatea de Drept,Academia de Studii Economice din Bucureşti,7,0,2020
1379,"Școala doctorală Didactica. Tradiție, Dezvoltare, Inovație","Universitatea ""Babeş-Bolyai"" din Cluj-Napoca",20,1,2020
1376,Şcoala Doctorală Interdisciplinară,Universitatea din Bucureşti,5,1,2020
1375,Școala Doctorală în Știința Sportului și Educației Fizice,"Universitatea ""Alexandru Ioan Cuza"" din Iaşi",31,1,2020
1372,Școala Doctorală Interdisciplinară,"Universitatea ""Aurel Vlaicu"" din Arad",14,1,2020
1369,Școala doctorală de Științe biomedicale,"Universitatea ""Dunărea de Jos"" din Galaţi",28,1,2020
1366,Facultatea de Informatică,"Universitatea ""Bioterra"" din Bucureşti",63,0,2020
1363,Facultatea de Medicină în Limba Engleză,"Universitatea de Medicină, Farmacie, Științe și Tehnologie ""George Emil Palade"" din Târgu Mureș",44,0,2020
1359,Școala Doctorală Medicină Dentară,"Universitatea de Medicină şi Farmacie ""Victor Babeş"" din Timişoara",49,1,2020
1354,Școala Doctorală a Universității Tehnice din Cluj-Napoca,Universitatea Tehnică din Cluj-Napoca,18,1,2020
1353,Şcoala doctorală de matematică,"Universitatea ""Ovidius"" din Constanţa",24,1,2020
1348,Școala Doctorală de Geoștiințe,"Universitatea ""Alexandru Ioan Cuza"" din Iaşi",31,1,2020
1345,Școala Doctorală de Chimie,"Universitatea ""Alexandru Ioan Cuza"" din Iaşi",31,1,2020
1342,Școala Doctorală de Biologie,"Universitatea ""Alexandru Ioan Cuza"" din Iaşi",31,1,2020
1336,Școala doctorală Ingineria sistemelor de apărare și securitate,"Academia Tehnică Militară ""Ferdinand I"" din București",50,1,2020
1331,Facultatea de Comunicații și Sisteme Electronice pentru Apărare și Securitate,"Academia Tehnică Militară ""Ferdinand I"" din București",50,0,2020
1328,Facultatea de Sisteme Informatice și Securitate Cibernetică,"Academia Tehnică Militară ""Ferdinand I"" din București",50,0,2020
1325,"Facultatea de Sisteme Integrate de Armament, Geniu și Mecatronică","Academia Tehnică Militară ""Ferdinand I"" din București",50,0,2020
1322,Facultatea de Aeronave și Autovehicule Militare,"Academia Tehnică Militară ""Ferdinand I"" din București",50,0,2020
1319,Școala doctorală de Inginerie mecanică și industrială,"Universitatea ""Dunărea de Jos"" din Galaţi",28,1,2020
1316,Școala doctorală de Științe fundamentale și inginerești,"Universitatea ""Dunărea de Jos"" din Galaţi",28,1,2020
1313,"Școala doctorală Religie, Cultură, Societate","Universitatea ""Babeş-Bolyai"" din Cluj-Napoca",20,1,2020
1309,Departamentul de Formare Continuă și Transfer Tehnologic,"Universitatea ""Dunărea de Jos"" din Galaţi",28,0,2020
1308,"Departamentul pentru Educație Continuă, Învățământ la Distanță și cu Frecvență Redusă",Universitatea Tehnică din Cluj-Napoca,18,0,2020
1307,Facultatea de Sisteme de Securitate Aeriană,"Academia Forţelor Aeriene ""Henri Coandă"" din Braşov",54,0,2020
1304,Facultatea de Ştiinţe Economice şi Administrative,"Academia Forţelor Terestre ""Nicolae Bălcescu"" din Sibiu",56,0,2020
1301,Facultatea de Asistenţă Medicală Generală,"Universitatea ""Bioterra"" din Bucureşti",63,0,2020
1298,"Facultatea de Educaţie Fizică, Sport şi Kinetoterapie",Universitatea Româno-Americană din Bucureşti,60,0,2020
1295,Facultatea de Medicină Dentară,"Universitatea ""Dimitrie Cantemir"" din Târgu Mureş",81,0,2020
1292,Facultatea de Balneofiziokinetoterapie şi Recuperare Medicală,"Universitatea ""Dimitrie Cantemir"" din Târgu Mureş",81,0,2020
1289,Şcoala Normală Superioară - Bucureşti (S.N.S.B),Şcoala Normală Superioară - Bucureşti (S.N.S.B),506,0,2020
1283,"Facultatea de Ştiinţe ale Educaţiei, Drept şi Administraţie Publică","Universitatea ""Constantin Brâncuşi"" din Târgu Jiu",42,0,2020
1280,"Facultatea de Psihologie, Ştiinţele Educaţiei şi Asistenţă Socială","Universitatea ""Petre Andrei"" din Iaşi",87,0,2020
1274,Facultatea de Asistenţă Medicală - Târgu Jiu,"Universitatea ""Titu Maiorescu"" din Bucureşti",58,0,2020
1268,IOSUD – Şcoala doctorală de Medicină,"Universitatea ""Titu Maiorescu"" din Bucureşti",58,1,2020
1265,Drept,Academia de Studii Economice din Bucureşti,7,1,2020
1263,Facultatea de Inginerie și Informatică,"Universitatea ""Spiru Haret"" din Bucureşti",62,0,2020
1260,"Facultatea de Științe, Educație Fizică și Informatică",Universitatea din Piteşti,36,0,2020
1257,Facultatea de Științe Economice și Drept,Universitatea din Piteşti,36,0,2020
1254,"Facultatea de Științe ale Educației, Științe Sociale și Psihologie",Universitatea din Piteşti,36,0,2020
1251,"Facultatea de Teologie, Litere, Istorie și Arte",Universitatea din Piteşti,36,0,2020
1248,Facultatea de Drept și Științe Administrative,"Universitatea ""Ştefan cel Mare"" din Suceava",40,0,2020
1245,Facultatea de Jurnalism,"Universitatea ""Hyperion"" din Bucureşti",61,0,2020
1242,Facultatea de Psihologie și Științe ale Educației,"Universitatea ""Hyperion"" din Bucureşti",61,0,2020
1239,Facultatea de Litere și Arte,"Universitatea Creştină ""Partium"" din Oradea",86,0,2020
1236,Facultatea de Științe Economice și Sociale,"Universitatea Creştină ""Partium"" din Oradea",86,0,2020
1233,Economie I,Academia de Studii Economice din Bucureşti,7,1,2020
1230,Economie II,Academia de Studii Economice din Bucureşti,7,1,2020
1227,Şcoala Doctorală Urbanism,"Universitatea de Arhitectură şi Urbanism ""Ion Mincu"" din Bucureşti",3,1,2020
1224,"Școala Doctorală Comunicare, Relaţii Publice şi Publicitate","Universitatea ""Babeş-Bolyai"" din Cluj-Napoca",20,1,2020
1221,Școala Doctorală Studii de populaţie şi istorie a minorităţilor,"Universitatea ""Babeş-Bolyai"" din Cluj-Napoca",20,1,2020
1218,Şcoala Doctorală Inginerie Mecanică,Universitatea din Piteşti,36,1,2020
1215,Şcoala Doctorală Matematică,Universitatea din Piteşti,36,1,2020
1212,Şcoala Doctorală Biologie,Universitatea din Piteşti,36,1,2020
1209,Şcoala Doctorală de Teologie,Institutul Teologic Protestant din Cluj-Napoca,91,1,2020
1206,Școala doctorală de Muzică,Universitatea de Vest din Timişoara,48,1,2020
1204,Școala Doctorală de Știinte Economice,Universitatea din Craiova,26,1,2020
1203,Școala Doctorală a Facultății de Drept,Universitatea din Craiova,26,1,2020
1202,"Școala Doctorală de Teologie Ortodoxă ""Sfântul Nicodim""",Universitatea din Craiova,26,1,2020
1201,"Școala Doctorală ""Alexandru Piru"" a Facultății de Litere",Universitatea din Craiova,26,1,2020
1200,Școala Doctorală de Inginerie a Resurselor Animale si Vegetale,Universitatea din Craiova,26,1,2020
1199,"Școala Doctorală ""Academician Radu Voinea"" a Facultății de Mecanică",Universitatea din Craiova,26,1,2020
1198,Școala Doctorală de Inginerie Electrică și Energetică,Universitatea din Craiova,26,1,2020
1197,"Școala Doctorală ""Constantin Belea"" a Facultății de Automatică, Calculatoare și Electronică",Universitatea din Craiova,26,1,2020
1196,Inginerie navală și navigație,Universitatea Maritimă din Constanţa,25,1,2020
1195,Școala doctorală Psihologie cognitivă aplicată,"Universitatea ""Babeş-Bolyai"" din Cluj-Napoca",20,1,2020
1194,Școala doctorală Psihodiagnostic și intervenţii psihologice validate științific,"Universitatea ""Babeş-Bolyai"" din Cluj-Napoca",20,1,2020
1193,Școala Doctorală de Teologie,"Universitatea ""1 decembrie 1918"" din Alba Iulia",13,1,2020
1182,Școala doctorală UTCB,Universitatea Tehnică de Construcţii din Bucureşti,2,1,2020
1181,Mecanica,"Universitatea Tehnică ""Gheorghe Asachi"" din Iaşi",29,1,2020
1180,Stiinta si Ingineria Materialelor,"Universitatea Tehnică ""Gheorghe Asachi"" din Iaşi",29,1,2020
1178,Design Industrial și Managementul Afacerilor,"Universitatea Tehnică ""Gheorghe Asachi"" din Iaşi",29,1,2020
1177,Constructii de Masini si Management Industrial,"Universitatea Tehnică ""Gheorghe Asachi"" din Iaşi",29,1,2020
1176,"Electronica, Telecomunicatii si Tehnologia Informatiei","Universitatea Tehnică ""Gheorghe Asachi"" din Iaşi",29,1,2020
1175,"Inginerie Electrica, Energetica si Informatica Aplicata","Universitatea Tehnică ""Gheorghe Asachi"" din Iaşi",29,1,2020
1174,"Hidrotehnica, Geodezie si Ingineria Mediului","Universitatea Tehnică ""Gheorghe Asachi"" din Iaşi",29,1,2020
1173,Constructii si Instalatii,"Universitatea Tehnică ""Gheorghe Asachi"" din Iaşi",29,1,2020
1172,Automatica si Calculatoare,"Universitatea Tehnică ""Gheorghe Asachi"" din Iaşi",29,1,2020
1171,Inginerie Chimica si Protectia Mediului 'Cristofor Simionescu',"Universitatea Tehnică ""Gheorghe Asachi"" din Iaşi",29,1,2020
1170,Școala doctorală din Universitatea Națională de Muzică din București,Universitatea Naţională de Muzică din Bucureşti,8,1,2020
1169,Şcoala doctorală Universitatea Națională de Educație Fizică și Sport din București,Universitatea Naţională de Educaţie Fizică şi Sport din Bucureşti,11,1,2020
1168,Universitatea Națională de Arte din București - Studii doctorale,Universitatea Naţională de Arte din Bucureşti,9,1,2020
1167,Şcoala doctorală Universitatea Națională de Artă Teatrală și Cinematografică ”I.L.Caragiale” din București,"Universitatea Naţională de Artă Teatrală şi Cinematografică ""I. L. Caragiale"" din Bucureşti",10,1,2020
1166,Şcoala doctorală Universitatea Națională de Apărare ”Carol I” din București,"Universitatea Naţională de Apărare ""Carol I"" din Bucureşti",51,1,2020
1165,Inginerie mecanică și mecatronică,Universitatea Maritimă din Constanţa,25,1,2020
1164,Şcoala Doctorală Ştiinţa Sportului şi Educaţiei Fizice,Universitatea din Piteşti,36,1,2020
1163,Şcoala Doctorală Interdisciplinară,Universitatea din Piteşti,36,1,2020
1162,Şcoala Doctorală Autovehicule,Universitatea din Piteşti,36,1,2020
1161,Şcoala Doctorală de Informatică,Universitatea din Piteşti,36,1,2020
1160,Şcoala Doctorală de Filologie,Universitatea din Piteşti,36,1,2020
1159,Şcoala doctorală  a Universității din Petroșani,Universitatea din Petroşani,35,1,2020
1158,Şcoală doctorală de ştiinţe inginereşti,Universitatea din Oradea,34,1,2020
1157,Şcoală doctorală de ştiinţe biomedicale,Universitatea din Oradea,34,1,2020
1156,Şcoala doctorală de ştiinţe economice,Universitatea din Oradea,34,1,2020
1155,Şcoala doctorală de sociologie,Universitatea din Oradea,34,1,2020
1154,Şcoala Doctorală de Istorie,Universitatea din Oradea,34,1,2020
1153,Şcoala doctorală de geografie,Universitatea din Oradea,34,1,2020
1152,Şcoala doctorală de filologie,Universitatea din Oradea,34,1,2020
1151,Școala Doctorală de Științe Sociale și Umaniste,Universitatea din Craiova,26,1,2020
1149,Școala Doctorală de Științe,Universitatea din Craiova,26,1,2020
1148,Şcolii Doctorale de Studii Universitare Doctorale în Domeniul Ecologie,Universitatea din Bucureşti,5,1,2020
1147,Şcoala Doctorală pentru domeniul Științe ale comunicării,Universitatea din Bucureşti,5,1,2020
1146,Şcoala Doctorală pentru domeniul Sociologie,Universitatea din Bucureşti,5,1,2020
1145,Şcoala Doctorală pentru domeniul Matematică,Universitatea din Bucureşti,5,1,2020
1144,Şcoala Doctorală pentru domeniul Istorie,Universitatea din Bucureşti,5,1,2020
1143,Şcoala Doctorală pentru domeniul Informatică,Universitatea din Bucureşti,5,1,2020
1142,Şcoala Doctorală pentru domeniul Geologie,Universitatea din Bucureşti,5,1,2020
1141,Şcoala Doctorală pentru domeniul Filosofie,Universitatea din Bucureşti,5,1,2020
1140,Şcoala Doctorală pentru domeniile Psihologie şi Ştiinţe ale Educaţiei,Universitatea din Bucureşti,5,1,2020
1139,Şcoala Doctorală în Chimie,Universitatea din Bucureşti,5,1,2020
1137,"Şcoala Doctorală ""Teologie şi Studii Religioase"" - Facultatea de Teologie Romano-Catolică și Facultatea de Teologie Baptistă",Universitatea din Bucureşti,5,1,2020
1136,Şcoala Doctorală din cadrul Facultăţii de Teologie Ortodoxă,Universitatea din Bucureşti,5,1,2020
1135,"Şcoala Doctorală ""Studii literare şi culturale""- Facultatea de Limbi şi Literaturi Străine",Universitatea din Bucureşti,5,1,2020
1134,"Şcoala Doctorală ""Limbi şi identităţi culturale""",Universitatea din Bucureşti,5,1,2020
1133,"Şcoala Doctorală""Spaţiu, imagine, text, teritoriu"" - Facultatea de Litere",Universitatea din Bucureşti,5,1,2020
1132,Şcoala Doctorală din cadrul Facultăţii de Litere,Universitatea din Bucureşti,5,1,2020
1131,Şcoala Doctorală de Ştiinţă Politică,Universitatea din Bucureşti,5,1,2020
1130,Şcoala Doctorală de Fizică,Universitatea din Bucureşti,5,1,2020
1129,Şcoala Doctorală de Biologie,Universitatea din Bucureşti,5,1,2020
1128,Şcoala Doctorală « Simion Mehedinţi-Natura şi dezvoltare durabilă » pentru domeniul Geografie,Universitatea din Bucureşti,5,1,2020
1127,Şcoala Doctorală - Drept,Universitatea din Bucureşti,5,1,2020
1126,Școala doctorală de Psihologie,Universitatea de Vest din Timişoara,48,1,2020
1125,Şcoala doctorală de ştiinţe umaniste,Universitatea de Vest din Timişoara,48,1,2020
1124,"Școala doctorală de Sociologie, Filosofie și Științe Politice",Universitatea de Vest din Timişoara,48,1,2020
1123,Şcoala doctorală de matematică,Universitatea de Vest din Timişoara,48,1,2020
1122,Şcoala doctorală de informatică,Universitatea de Vest din Timişoara,48,1,2020
1121,Şcoala doctorală de geografie,Universitatea de Vest din Timişoara,48,1,2020
1120,Şcoala doctorală de fizică,Universitatea de Vest din Timişoara,48,1,2020
1119,Şcoala doctorală de drept,Universitatea de Vest din Timişoara,48,1,2020
1118,Şcoala doctorală de chimie,Universitatea de Vest din Timişoara,48,1,2020
1117,Şcoala doctorală de arte,Universitatea de Vest din Timişoara,48,1,2020
1116,Şcoala doctorală a Facultăţii de Economie şi administrarea afacerilor,Universitatea de Vest din Timişoara,48,1,2020
1115,Şcoală Doctorală de Medicină,"Universitatea de Vest ""Vasile Goldiş"" din Arad",70,1,2020
1114,Şcoală Doctorală de Biologie,"Universitatea de Vest ""Vasile Goldiş"" din Arad",70,1,2020
1113,Şcoala doctorală Ingineria şi managementul resurselor vegetale şi animale,Universitatea de Științe Agronomice și Medicină Veterinară din București,4,1,2020
1112,Şcoala doctorală de Medicină veterinară,Universitatea de Științe Agronomice și Medicină Veterinară din București,4,1,2020
1111,Școala doctorală de medicină veterinară,"Universitatea de Ştiinţe Agricole şi Medicină Veterinară a Banatului ""Regele Mihai I al României"" din Timişoara",47,1,2020
1110,Școala doctorală de Ingineria Resurselor Vegetale și Animale,"Universitatea de Ştiinţe Agricole şi Medicină Veterinară a Banatului ""Regele Mihai I al României"" din Timişoara",47,1,2020
1109,Şcoala doctorală de medicină veterinară,"Universitatea de Ştiinţe Agricole şi Medicină Veterinară ""Ion Ionescu de La Brad"" din Iaşi",30,1,2020
1108,Şcoala doctorală de Științe inginerești,"Universitatea de Ştiinţe Agricole şi Medicină Veterinară ""Ion Ionescu de La Brad"" din Iaşi",30,1,2020
1107,Şcoala doctorală de ştiinţe agricole inginereşti,Universitatea de Ştiinţe Agricole şi Medicină Veterinară din Cluj-Napoca,19,1,2020
1106,Şcoala doctorală de medicină veterinară,Universitatea de Ştiinţe Agricole şi Medicină Veterinară din Cluj-Napoca,19,1,2020
1105,Şcoala doctorală a IOSUD din cadrul Universităţii de Medicină și Farmacie din Târgu Mureș,"Universitatea de Medicină, Farmacie, Științe și Tehnologie ""George Emil Palade"" din Târgu Mureș",44,1,2020
1104,Școala doctorală a Universității de Medicină și Farmacie din Craiova,Universitatea de Medicină şi Farmacie din Craiova,27,1,2020
1103,Școala Doctorală Medicină - Farmacie,"Universitatea de Medicină şi Farmacie ""Victor Babeş"" din Timişoara",49,1,2020
1102,Şcoala doctorală a Universităţii  de Medicină și Farmacie ”Iuliu Hațieganu” din Cluj-Napoca,"Universitatea de Medicină şi Farmacie ""Iuliu Haţieganu"" din Cluj-Napoca",21,1,2020
1101,Școala doctorală Universitatea de Medicină şi Farmacie „Grigore T. Popa” – Iaşi,"Universitatea de Medicină şi Farmacie ""Grigore T. Popa"" din Iaşi",32,1,2020
1100,"Școala doctorală UMF ""Carol Davila""","Universitatea de Medicină şi Farmacie ""Carol Davila"" din Bucureşti",6,1,2020
1099,Şcoala doctorală a Universităţii de Arte din Târgu Mureș,Universitatea de Arte din Târgu Mureş,45,1,2020
1098,Şcoala doctorală Teatru,"Universitatea Naţională de Arte ""George Enescu"" din Iaşi",33,1,2020
1097,Şcoala doctorală Muzică,"Universitatea Naţională de Arte ""George Enescu"" din Iaşi",33,1,2020
1096,Şcoala doctorală Arte vizuale,"Universitatea Naţională de Arte ""George Enescu"" din Iaşi",33,1,2020
1095,Scoala Doctorala a Universitatii de Arta si Design din Cluj-Napoca,Universitatea de Artă şi Design din Cluj-Napoca,23,1,2020
1094,"Scoala doctorala ""Spatiu,  Imagine, Text, Teritoriu""","Universitatea de Arhitectură şi Urbanism ""Ion Mincu"" din Bucureşti",3,1,2020
1092,Şcoală de studii doctorale,"Universitatea ""Vasile Alecsandri"" din Bacău",15,1,2020
1091,Şcoala Doctorală de Ştiinţe Inginereşti,"Universitatea ""Valahia"" din Târgovişte",41,1,2020
1090,Şcoala Doctorală de Ştiinţe Economice şi Umaniste,"Universitatea ""Valahia"" din Târgovişte",41,1,2020
1089,Școala doctorală interdisciplinară,"Universitatea ""Transilvania"" din Braşov",17,1,2020
1088,IOSUD – Şcoala doctorală de Medicină Dentară,"Universitatea ""Titu Maiorescu"" din Bucureşti",58,1,2020
1087,IOSUD – Şcoala doctorală de Drept,"Universitatea ""Titu Maiorescu"" din Bucureşti",58,1,2020
1086,Școala doctorală de științe socio-umane,"Universitatea ""Ştefan cel Mare"" din Suceava",40,1,2020
1085,Şcoala doctorală de ştiinţe aplicate şi inginereşti,"Universitatea ""Ştefan cel Mare"" din Suceava",40,1,2020
1084,Şcoala Doctorală de Studii Inginereşti,Universitatea Politehnica Timişoara,46,1,2020
1083,Ingineria și Aplicațiile Laserilor Acceleratorilor,Universitatea Politehnica din Bucureşti,1,1,2020
1082,Transporturi,Universitatea Politehnica din Bucureşti,1,1,2020
1081,Ingineria Sistemelor Biotehnice,Universitatea Politehnica din Bucureşti,1,1,2020
1080,Inginerie Mecanică și Mecatronică,Universitatea Politehnica din Bucureşti,1,1,2020
1079,Știința și Ingineria Materialelor,Universitatea Politehnica din Bucureşti,1,1,2020
1078,"Antreprenoriat, Ingineria și Managementul Afacerilor",Universitatea Politehnica din Bucureşti,1,1,2020
1077,Ingineria și Managementul Sistemelor Tehnologice,Universitatea Politehnica din Bucureşti,1,1,2020
1076,Energetică,Universitatea Politehnica din Bucureşti,1,1,2020
1075,Chimie Aplicată și Știința Materialelor,Universitatea Politehnica din Bucureşti,1,1,2020
1074,Inginerie Aerospațială,Universitatea Politehnica din Bucureşti,1,1,2020
1073,Științe Aplicate,Universitatea Politehnica din Bucureşti,1,1,2020
1072,Inginerie Electrică,Universitatea Politehnica din Bucureşti,1,1,2020
1071,"Electronică, Telecomunicații și Tehnologia Informației",Universitatea Politehnica din Bucureşti,1,1,2020
1070,Automatică și Calculatoare,Universitatea Politehnica din Bucureşti,1,1,2020
1069,"Școala Doctorală de  Litere, Științe Umaniste și Aplicate","Universitatea de Medicină, Farmacie, Științe și Tehnologie ""George Emil Palade"" din Târgu Mureș",44,1,2020
1068,Şcoala doctorală a Universităţii ”Petrol-Gaze” din Ploiești,Universitatea Petrol-Gaze din Ploieşti,37,1,2020
1067,Şcoala doctorală de teologie,"Universitatea ""Ovidius"" din Constanţa",24,1,2020
1066,Şcoala doctorală de ştiinţe umaniste,"Universitatea ""Ovidius"" din Constanţa",24,1,2020
1065,Şcoala doctorală de ştiinţe aplicate,"Universitatea ""Ovidius"" din Constanţa",24,1,2020
1064,Şcoala doctorală de medicină,"Universitatea ""Ovidius"" din Constanţa",24,1,2020
1063,Şcoala doctorală interdisciplinară a Universităţii ”Lucian Blaga” din Sibiu,"Universitatea ""Lucian Blaga"" din Sibiu",39,1,2020
1062,Școala doctorală de inginerie,"Universitatea ""Eftimie Murgu"" din Reşiţa",38,1,2020
1061,Şcoala doctorală de Știinţe socio-umane,"Universitatea ""Dunărea de Jos"" din Galaţi",28,1,2020
1059,Şcoala doctorală Ecumene,"Universitatea ""Babeş-Bolyai"" din Cluj-Napoca",20,1,2020
1058,Şcoala doctorală Teologie ortodoxă Isidor Todoran,"Universitatea ""Babeş-Bolyai"" din Cluj-Napoca",20,1,2020
1057,Şcoala doctorală Teatru şi film,"Universitatea ""Babeş-Bolyai"" din Cluj-Napoca",20,1,2020
1056,Şcoala doctorală Administraţie şi politici publice,"Universitatea ""Babeş-Bolyai"" din Cluj-Napoca",20,1,2020
1055,Şcoala doctorală Știința mediului,"Universitatea ""Babeş-Bolyai"" din Cluj-Napoca",20,1,2020
1054,Şcoala doctorală studii de hungarologie,"Universitatea ""Babeş-Bolyai"" din Cluj-Napoca",20,1,2020
1053,Şcoala doctorală Studii lingvistice şi literare,"Universitatea ""Babeş-Bolyai"" din Cluj-Napoca",20,1,2020
1052,Şcoala doctorală Sociologie,"Universitatea ""Babeş-Bolyai"" din Cluj-Napoca",20,1,2020
1051,Şcoala doctorală Matematică şi Informatică,"Universitatea ""Babeş-Bolyai"" din Cluj-Napoca",20,1,2020
1050,"Şcoala doctorală Istorie, civilizaţie cultură","Universitatea ""Babeş-Bolyai"" din Cluj-Napoca",20,1,2020
1049,Şcoala doctorală Inginerie chimică,"Universitatea ""Babeş-Bolyai"" din Cluj-Napoca",20,1,2020
1048,Şcoala doctorală Geologie,"Universitatea ""Babeş-Bolyai"" din Cluj-Napoca",20,1,2020
1047,Şcoala doctorală Geografie,"Universitatea ""Babeş-Bolyai"" din Cluj-Napoca",20,1,2020
1046,Şcoala doctorală Fizică,"Universitatea ""Babeş-Bolyai"" din Cluj-Napoca",20,1,2020
1045,Şcoala doctorală Paradigma europeană,"Universitatea ""Babeş-Bolyai"" din Cluj-Napoca",20,1,2020
1044,Şcoala doctorală Filosofie,"Universitatea ""Babeş-Bolyai"" din Cluj-Napoca",20,1,2020
1043,"Şcoala doctorală educaţie, reflecţie, dezvoltare","Universitatea ""Babeş-Bolyai"" din Cluj-Napoca",20,1,2020
1042,Şcoala doctorală Educație fizică și sport,"Universitatea ""Babeş-Bolyai"" din Cluj-Napoca",20,1,2020
1041,Şcoala doctorală Drept,"Universitatea ""Babeş-Bolyai"" din Cluj-Napoca",20,1,2020
1040,Şcoala doctorală ştiinţe politice şi ale comunicării,"Universitatea ""Babeş-Bolyai"" din Cluj-Napoca",20,1,2020
1039,Şcoala doctorală Chimie,"Universitatea ""Babeş-Bolyai"" din Cluj-Napoca",20,1,2020
1038,Şcoala doctorală Biologie integrativă,"Universitatea ""Babeş-Bolyai"" din Cluj-Napoca",20,1,2020
1037,Şcoala doctorală  Ştiinţe economice şi gestiunea afacerilor,"Universitatea ""Babeş-Bolyai"" din Cluj-Napoca",20,1,2020
1036,Şcoala doctorală  relaţii internaţionale şi studii de securitate,"Universitatea ""Babeş-Bolyai"" din Cluj-Napoca",20,1,2020
1033,Școala Doctorală de Teologie Ortodoxă,"Universitatea ""Alexandru Ioan Cuza"" din Iaşi",31,1,2020
1032,Școala Doctorală de Studii Filologice,"Universitatea ""Alexandru Ioan Cuza"" din Iaşi",31,1,2020
1031,Școala Doctorală de Psihologie și Științe ale Educației,"Universitatea ""Alexandru Ioan Cuza"" din Iaşi",31,1,2020
1030,Școala Doctorală de Matematică,"Universitatea ""Alexandru Ioan Cuza"" din Iaşi",31,1,2020
1029,Școala Doctorală de Istorie,"Universitatea ""Alexandru Ioan Cuza"" din Iaşi",31,1,2020
1028,Școala Doctorală de Informatică,"Universitatea ""Alexandru Ioan Cuza"" din Iaşi",31,1,2020
1027,Școala Doctorală de Fizică,"Universitatea ""Alexandru Ioan Cuza"" din Iaşi",31,1,2020
1026,Școala Doctorală de Filosofie și Științe Social-Politice,"Universitatea ""Alexandru Ioan Cuza"" din Iaşi",31,1,2020
1025,Școala Doctorală de Economie și Administrarea Afacerilor,"Universitatea ""Alexandru Ioan Cuza"" din Iaşi",31,1,2020
1024,Școala Doctorală de Drept,"Universitatea ""Alexandru Ioan Cuza"" din Iaşi",31,1,2020
1022,Şcoala Doctorală de Istorie,"Universitatea ""1 decembrie 1918"" din Alba Iulia",13,1,2020
1021,Şcoala Doctorală de Filologie,"Universitatea ""1 decembrie 1918"" din Alba Iulia",13,1,2020
1020,Şcoala Doctorală de Contabilitate,"Universitatea ""1 decembrie 1918"" din Alba Iulia",13,1,2020
1019,Şcoala Doctorală Drept,"Universitatea ""Nicolae Titulescu"" din Bucureşti",59,1,2020
1018,Şcoala doctorală multidisciplinară a SNSPA,Şcoala Naţională de Studii Politice şi Administrative din Bucureşti,12,1,2020
1014,„Şcoala de Studii Avansate a Academiei Române” (SCOSAAR),Academia Romana,500,1,2020
1013,Școala Doctorală Informaţii și Securitate Naţională,"Academia Naţională de Informaţii ""Mihai Viteazul"" din Bucureşti",52,1,2020
1012,Marketing,Academia de Studii Economice din Bucureşti,7,1,2020
1011,Management,Academia de Studii Economice din Bucureşti,7,1,2020
1010,Informatică economică,Academia de Studii Economice din Bucureşti,7,1,2020
1009,Finanțe,Academia de Studii Economice din Bucureşti,7,1,2020
1008,Economie și afaceri internaționale,Academia de Studii Economice din Bucureşti,7,1,2020
1006,Contabilitate,Academia de Studii Economice din Bucureşti,7,1,2020
1005,Cibernetică și statistică economică,Academia de Studii Economice din Bucureşti,7,1,2020
1004,Administrarea afacerilor,Academia de Studii Economice din Bucureşti,7,1,2020
1003,Ordine publică și siguranță națională,"Academia de Poliţie ""Alexandru Ioan Cuza"" din Bucureşti",53,1,2020
1002,Drept,"Academia de Poliţie ""Alexandru Ioan Cuza"" din Bucureşti",53,1,2020
1001,Şcoala doctorală  ”Sigismund Toduţă”,"Academia de Muzică ""Gheorghe Dima"" din Cluj-Napoca",22,1,2020
688,Facultatea Bucharest Business School (Şcoala de Afaceri),Academia de Studii Economice din Bucureşti,7,0,2020
686,Centrul de Studii Europene,"Universitatea ""Alexandru Ioan Cuza"" din Iaşi",31,0,2020
684,Departamentul de Relaţii Internaţionale şi Integrare Europeană,Şcoala Naţională de Studii Politice şi Administrative din Bucureşti,12,0,2020
682,Departamentul pentru Pregătirea Personalului Didactic,"Universitatea Creştină ""Dimitrie Cantemir"" din Bucureşti",57,0,2020
680,Departamentul Regional de Studii pentru Managementul Resurselor de Apărare,"Universitatea Naţională de Apărare ""Carol I"" din Bucureşti",51,0,2020
678,Departamentul pentru Pregătirea Personalului Didactic,Universitatea Tehnică de Construcţii din Bucureşti,2,0,2020
674,Facultatea de Ştiinţe Socio-Umane,"Universitatea ""Spiru Haret"" din Bucureşti",62,0,2020
673,Facultatea de Științe Juridice și Științe Administrative,"Universitatea ""Spiru Haret"" din Bucureşti",62,0,2020
671,"Facultatea de Ştiinţe Juridice şi Ştiinţe Economice, Constanţa","Universitatea ""Spiru Haret"" din Bucureşti",62,0,2020
670,"Facultatea de Ştiinţe Juridice, Economice şi Administrative, Craiova","Universitatea ""Spiru Haret"" din Bucureşti",62,0,2020
669,"Facultatea de Știinţe Juridice și Științe Economice, Brașov","Universitatea ""Spiru Haret"" din Bucureşti",62,0,2020
668,Facultatea de Ştiinţe Economice,"Universitatea ""Spiru Haret"" din Bucureşti",62,0,2020
667,"Facultatea de Ştiinţe Economice, Socio-Umane şi Inginereşti din Miercurea Ciuc","Universitatea ""Sapientia"" din Cluj-Napoca",95,0,2020
664,Facultatea de Ştiinţe Socio-Umane şi Educaţie fizică şi sport,"Universitatea de Vest ""Vasile Goldiş"" din Arad",70,0,2020
663,"Facultatea de Ştiinţe Economice, Informatică şi Inginerie","Universitatea de Vest ""Vasile Goldiş"" din Arad",70,0,2020
662,Facultatea de Medicină Dentară,"Universitatea de Vest ""Vasile Goldiş"" din Arad",70,0,2020
661,Facultatea de Farmacie,"Universitatea de Vest ""Vasile Goldiş"" din Arad",70,0,2020
660,Facultatea de Medicină,"Universitatea de Vest ""Vasile Goldiş"" din Arad",70,0,2020
659,Facultatea de Ştiinţe Juridice şi Administrative,Universitatea Agora din Municipiul Oradea,100,0,2020
658,Facultatea de Ştiinţe Economice,Universitatea Agora din Municipiul Oradea,100,0,2020
657,Facultatea de Studii de Intelligence,"Academia Naţională de Informaţii ""Mihai Viteazul"" din Bucureşti",52,0,2020
656,Facultatea de Ştiinţe Militare,"Academia Forţelor Terestre ""Nicolae Bălcescu"" din Sibiu",56,0,2020
655,Facultatea de Ştiinţe Juridice şi Administrative,"Academia de Poliţie ""Alexandru Ioan Cuza"" din Bucureşti",53,0,2020
654,Facultatea de Jandarmi,"Academia de Poliţie ""Alexandru Ioan Cuza"" din Bucureşti",53,0,2020
653,Facultatea de Poliţie de Frontieră,"Academia de Poliţie ""Alexandru Ioan Cuza"" din Bucureşti",53,0,2020
652,Facultatea de Horticultură,Universitatea din Craiova,26,0,2020
651,Facultatea de Ştiinţe Sociale,Universitatea din Craiova,26,0,2020
650,Facultatea de Agronomie,Universitatea din Craiova,26,0,2020
649,Facultatea de Drept,Universitatea din Craiova,26,0,2020
648,Facultatea de Ştiinţe Juridice,"Universitatea ""Hyperion"" din Bucureşti",61,0,2020
647,Facultatea de Drept şi Ştiinţe Economice - Târgu Jiu,"Universitatea ""Titu Maiorescu"" din Bucureşti",58,0,2020
646,Facultatea de Ştiinţe Economice din Braşov,"Universitatea Creştină ""Dimitrie Cantemir"" din Bucureşti",57,0,2020
645,Facultatea de Ştiinţe şi Inginerie (Alexandria),"Universitatea ""Valahia"" din Târgovişte",41,0,2020
644,Facultatea de Ştiinţe Exacte şi Inginereşti,"Universitatea ""1 decembrie 1918"" din Alba Iulia",13,0,2020
643,"Facultatea de Ştiinte Economice, Juridice şi Administrative","Universitatea ""George Bacovia"" din Bacău",71,0,2020
642,Facultatea de Farmacie,"Universitatea ""Titu Maiorescu"" din Bucureşti",58,0,2020
641,Facultatea de Navigaţie şi Management Naval,"Academia Navală ""Mircea cel Bătrân"" din Constanţa",55,0,2020
640,Facultatea de Inginerie Marină,"Academia Navală ""Mircea cel Bătrân"" din Constanţa",55,0,2020
636,"Facultatea de Ştiinţe Politice, Litere şi Comunicare","Universitatea ""Valahia"" din Târgovişte",41,0,2020
635,Facultatea de Ştiinţe Sociale,"Universitatea ""Eftimie Murgu"" din Reşiţa",38,0,2020
631,Facultatea de Ştiinţe Tehnice şi Umaniste din Târgu Mureş,"Universitatea ""Sapientia"" din Cluj-Napoca",95,0,2020
628,Facultatea de Ştiinţe şi Arte,"Universitatea ""Sapientia"" din Cluj-Napoca",95,0,2020
626,Facultatea de Controlul şi Expertiza Produselor Alimentare din Buzău,"Universitatea ""Bioterra"" din Bucureşti",63,0,2020
624,"Facultatea de Ştiinţe Sociale, Umaniste şi ale Naturii","Universitatea ""Hyperion"" din Bucureşti",61,0,2020
623,Facultatea de Ştiinţe Exacte şi Inginereşti,"Universitatea ""Hyperion"" din Bucureşti",61,0,2020
622,Facultatea de Securitate şi Apărare,"Universitatea Naţională de Apărare ""Carol I"" din Bucureşti",51,0,2020
618,Facultatea de Teatru,"Universitatea Naţională de Arte ""George Enescu"" din Iaşi",33,0,2020
617,"Facultatea de Interpretare, Compoziţie şi Studii Muzicale Teoretice","Universitatea Naţională de Arte ""George Enescu"" din Iaşi",33,0,2020
616,Facultatea de Ştiinţa şi Tehnologia Alimentelor,Universitatea de Ştiinţe Agricole şi Medicină Veterinară din Cluj-Napoca,19,0,2020
613,Facultatea de Comunicare şi Relaţii Internaţionale,"Universitatea ""Danubius"" din Galaţi",75,0,2020
610,Facultatea de Ştiinţele Comunicării și Relații Internaționale,"Universitatea ""Titu Maiorescu"" din Bucureşti",58,0,2020
609,Facultatea de Medicină Dentară,"Universitatea ""Titu Maiorescu"" din Bucureşti",58,0,2020
608,Facultatea de Medicină,"Universitatea ""Titu Maiorescu"" din Bucureşti",58,0,2020
607,Facultatea de Ştiinţe ale Educaţiei,"Universitatea Creştină ""Dimitrie Cantemir"" din Bucureşti",57,0,2020
605,Facultatea de Arte în Limba Maghiară,Universitatea de Arte din Târgu Mureş,45,0,2020
604,Facultatea de Arte în Limba Română,Universitatea de Arte din Târgu Mureş,45,0,2020
602,Facultatea de Ştiinţe Socio-Umane,"Universitatea ""Lucian Blaga"" din Sibiu",39,0,2020
599,Facultatea de Inginerie şi Management,"Universitatea ""Eftimie Murgu"" din Reşiţa",38,0,2020
596,Facultatea de Ştiinţe Economice,"Universitatea ""Eftimie Murgu"" din Reşiţa",38,0,2020
595,"Facultatea de Istorie, Relaţii Internaţionale, Ştiinţe Politice şi Ştiintele Comunicării",Universitatea din Oradea,34,0,2020
594,Facultatea de Inginerie Energetică şi Management Industrial,Universitatea din Oradea,34,0,2020
593,"Facultatea de Geografie, Turism şi Sport",Universitatea din Oradea,34,0,2020
592,Facultatea de Arte,Universitatea din Oradea,34,0,2020
590,Facultatea de Inginerie Electrică,Universitatea din Craiova,26,0,2020
588,Facultatea de Ştiinţe,Universitatea din Craiova,26,0,2020
568,Fundaţia Lumina - Instituţii de învăţământ - Universitatea Europei de Sud-Est - Lumina,Fundaţia Lumina - Instituţii de Învăţământ - Universitatea Europei de Sud Est-Lumina,112,0,2020
567,"Institutul Teologic Creştin După Evanghelie ""Timotheus"" din Bucureşti","Institutul Teologic Creştin după Evanghelie ""Timotheus"" din Bucureşti",111,0,2020
566,"Fundaţia ""Gaudeamus"" - Universitatea ""Tomis"" din Constanţa","Fundaţia ""Gaudeamus"" - Universitatea ""Tomis"" din Constanţa",110,0,2020
560,"Fundaţia Pentru Cultură şi Învăţământ ""Ioan Slavici"" - Universitatea ""Ioan Slavici"" din Timişoara","Fundaţia pentru Cultură şi Învăţământ ""Ioan Slavici"" - Universitatea ""Ioan Slavici"" din Timişoara",104,0,2020
557,Institutul Teologic Romano-Catolic Franciscan din Roman,Institutul Teologic Romano-Catolic Franciscan din Roman,101,0,2020
553,"Fundaţia ""Ştefan Lupaşcu"" - Institutul de Studii Europene din Iaşi","Fundaţia ""Ştefan Lupaşcu"" - Institutul de Studii Europene din Iaşi",97,0,2020
550,Facultatea de Teologie și Științe Sociale,"Universitatea ""Adventus"" din Cernica",94,0,2020
547,Facultatea de Teologie,Institutul Teologic Protestant din Cluj-Napoca,91,0,2020
546,Institutul de Administrare a Afacerilor din Bucureşti,Institutul de Administrare a Afacerilor din Bucureşti,90,0,2020
544,Facultatea de Ştiinţe ale Comunicării,"Universitatea ""Apollonia"" din Iaşi",88,0,2020
543,Facultatea de Medicină Dentară,"Universitatea ""Apollonia"" din Iaşi",88,0,2020
542,Facultatea de Drept,"Universitatea ""Petre Andrei"" din Iaşi",87,0,2020
541,Facultatea de  Economie,"Universitatea ""Petre Andrei"" din Iaşi",87,0,2020
540,Facultatea de Ştiinţe Politice şi Administrative,"Universitatea ""Petre Andrei"" din Iaşi",87,0,2020
534,Facultatea de Teologie Penticostală,Institutul Teologic Penticostal din Bucureşti,85,0,2020
530,Facultatea de Psihologie,"Universitatea ""Tibiscus"" din Timişoara",83,0,2020
527,Facultatea de Drept şi Administraţie Publică,"Universitatea ""Tibiscus"" din Timişoara",83,0,2020
525,Facultatea de Calculatoare şi Informatică Aplicată,"Universitatea ""Tibiscus"" din Timişoara",83,0,2020
523,Facultatea de Ştiinţe Economice,"Universitatea ""Tibiscus"" din Timişoara",83,0,2020
519,Facultatea de Geografie,"Universitatea ""Dimitrie Cantemir"" din Târgu Mureş",81,0,2020
518,Facultatea de Psihologie şi Ştiinţe ale Educaţiei,"Universitatea ""Dimitrie Cantemir"" din Târgu Mureş",81,0,2020
517,Facultatea de Ştiinţe Economice,"Universitatea ""Dimitrie Cantemir"" din Târgu Mureş",81,0,2020
516,Facultatea de Drept,"Universitatea ""Dimitrie Cantemir"" din Târgu Mureş",81,0,2020
515,Facultatea de Ştiinţe Economice,"Universitatea ""Româno-Germană"" din Sibiu",80,0,2020
514,Facultatea de Drept şi Ştiinţe Administrative,"Universitatea ""Româno-Germană"" din Sibiu",80,0,2020
513,"Facultatea de Management, Marketing în Afaceri Economice din Râmnicu Vâlcea","Universitatea ""Constantin Brâncoveanu"" din Piteşti",79,0,2020
511,"Facultatea de Management, Marketing în Afaceri Economice din Brăila","Universitatea ""Constantin Brâncoveanu"" din Piteşti",79,0,2020
510,"Facultatea de Ştiinţe Juridice, Administrative şi ale Comunicării","Universitatea ""Constantin Brâncoveanu"" din Piteşti",79,0,2020
509,Facultatea de Finanţe-Contabilitate,"Universitatea ""Constantin Brâncoveanu"" din Piteşti",79,0,2020
508,"Facultatea de Management, Marketing în Afaceri Economice","Universitatea ""Constantin Brâncoveanu"" din Piteşti",79,0,2020
507,Facultatea de Management,"Universitatea ""Emanuel"" din Oradea",78,0,2020
506,Facultatea de Teologie,"Universitatea ""Emanuel"" din Oradea",78,0,2020
504,Facultatea de Ştiinţe Economice,"Universitatea Europeană ""Drăgan"" din Lugoj",76,0,2020
503,Facultatea de Drept,"Universitatea Europeană ""Drăgan"" din Lugoj",76,0,2020
499,Facultatea de Ştiinţe Economice,"Universitatea ""Danubius"" din Galaţi",75,0,2020
498,Facultatea de Drept,"Universitatea ""Danubius"" din Galaţi",75,0,2020
496,Facultatea de Ştiinţe Economice,"Universitatea ""Andrei Şaguna"" din Constanţa",74,0,2020
495,Facultatea de Psihosociologie,"Universitatea ""Andrei Şaguna"" din Constanţa",74,0,2020
494,Facultatea de Ştiinţele Comunicării şi Ştiinţe Politice,"Universitatea ""Andrei Şaguna"" din Constanţa",74,0,2020
493,Facultatea de Drept şi Ştiinţe Administrative,"Universitatea ""Andrei Şaguna"" din Constanţa",74,0,2020
492,Facultatea de Educaţie Fizică şi Sport,"Universitatea ""Bogdan Vodă"" din Cluj-Napoca",73,0,2020
491,Facultatea de Drept,"Universitatea ""Bogdan Vodă"" din Cluj-Napoca",73,0,2020
490,Facultatea de Ştiinţe Economice,"Universitatea ""Bogdan Vodă"" din Cluj-Napoca",73,0,2020
473,Facultatea de Ştiinţe Juridice,"Universitatea de Vest ""Vasile Goldiş"" din Arad",70,0,2020
472,Facultatea de Teologie,Institutul Teologic Baptist din Bucureşti,69,0,2020
470,Facultatea de Management-Marketing,"Universitatea ""Artifex"" din Bucureşti",67,0,2020
469,Facultatea de Finanţe şi Contabilitate,"Universitatea ""Artifex"" din Bucureşti",67,0,2020
468,Facultatea de Administraţie Publică,"Universitatea ""Athenaeum"" din Bucureşti",66,0,2020
467,Facultatea de Ştiinţe Economice,"Universitatea ""Athenaeum"" din Bucureşti",66,0,2020
466,Facultatea de Arte şi Ştiinţe,"Universitatea Română de Ştiinţe şi Arte ""Gheorghe Cristea"" din Bucureşti",65,0,2020
465,"Facultatea de Ştiinţe Economice, Juridice şi Administrative","Universitatea Română de Ştiinţe şi Arte ""Gheorghe Cristea"" din Bucureşti",65,0,2020
464,Facultatea de Ştiinţele Comunicării,Universitatea Ecologică din Bucureşti,64,0,2020
463,Facultatea de Psihologie,Universitatea Ecologică din Bucureşti,64,0,2020
462,Facultatea de Ecologie şi Protecţia Mediului,Universitatea Ecologică din Bucureşti,64,0,2020
461,Facultatea de Management Financiar,Universitatea Ecologică din Bucureşti,64,0,2020
460,Facultatea de Inginerie Managerială,Universitatea Ecologică din Bucureşti,64,0,2020
459,Facultatea de Educaţie Fizică şi Sport,Universitatea Ecologică din Bucureşti,64,0,2020
458,Facultatea de Drept,Universitatea Ecologică din Bucureşti,64,0,2020
457,Facultatea de Management Agroturistic din Buzău,"Universitatea ""Bioterra"" din Bucureşti",63,0,2020
454,Facultatea de Controlul şi Expertiza Produselor Alimentare,"Universitatea ""Bioterra"" din Bucureşti",63,0,2020
453,Facultatea de Drept,"Universitatea ""Bioterra"" din Bucureşti",63,0,2020
448,Facultatea de Management Agroturistic,"Universitatea ""Bioterra"" din Bucureşti",63,0,2020
447,Facultatea de Medicină Veterinară,"Universitatea ""Spiru Haret"" din Bucureşti",62,0,2020
446,Facultatea de Educaţie Fizică şi Sport,"Universitatea ""Spiru Haret"" din Bucureşti",62,0,2020
445,Facultatea de Arhitectură,"Universitatea ""Spiru Haret"" din Bucureşti",62,0,2020
440,"Facultatea de Ştiinţe Economice, Câmpulung","Universitatea ""Spiru Haret"" din Bucureşti",62,0,2020
433,"Facultatea de Psihologie şi Ştiinţele Educaţiei, Braşov","Universitatea ""Spiru Haret"" din Bucureşti",62,0,2020
432,Facultatea de Psihologie şi Ştiinţele Educaţiei,"Universitatea ""Spiru Haret"" din Bucureşti",62,0,2020
425,Facultatea de Litere,"Universitatea ""Spiru Haret"" din Bucureşti",62,0,2020
421,Facultatea de Arte,"Universitatea ""Hyperion"" din Bucureşti",61,0,2020
420,Facultatea de Ştiinţe Economice,"Universitatea ""Hyperion"" din Bucureşti",61,0,2020
411,Facultatea de Studii Economice Europene,Universitatea Româno-Americană din Bucureşti,60,0,2020
410,Facultatea de Relaţii Comerciale şi Financiar - Bancare Interne şi Internaţionale,Universitatea Româno-Americană din Bucureşti,60,0,2020
409,Facultatea de Management-Marketing,Universitatea Româno-Americană din Bucureşti,60,0,2020
408,Facultatea de Informatică Managerială,Universitatea Româno-Americană din Bucureşti,60,0,2020
407,Facultatea de Economia Turismului Intern şi Internaţional,Universitatea Româno-Americană din Bucureşti,60,0,2020
406,Facultatea de Drept,Universitatea Româno-Americană din Bucureşti,60,0,2020
405,Facultatea de Relații Internaționale și Administrație,"Universitatea ""Nicolae Titulescu"" din Bucureşti",59,0,2020
404,Facultatea de Economie și Administrarea Afacerilor,"Universitatea ""Nicolae Titulescu"" din Bucureşti",59,0,2020
403,Facultatea de Drept,"Universitatea ""Nicolae Titulescu"" din Bucureşti",59,0,2020
401,Facultatea de Informatică,"Universitatea ""Titu Maiorescu"" din Bucureşti",58,0,2020
400,Facultatea de Psihologie,"Universitatea ""Titu Maiorescu"" din Bucureşti",58,0,2020
398,"Facultatea de Finanţe - Bănci, Contabilitate şi Administrarea Afacerilor","Universitatea ""Titu Maiorescu"" din Bucureşti",58,0,2020
396,Facultatea de Drept,"Universitatea ""Titu Maiorescu"" din Bucureşti",58,0,2020
395,Facultatea de Management Turistic şi Comercial din Sibiu,"Universitatea Creştină ""Dimitrie Cantemir"" din Bucureşti",57,0,2020
392,Facultatea de Management Turistic şi Comercial din Constanţa,"Universitatea Creştină ""Dimitrie Cantemir"" din Bucureşti",57,0,2020
391,Facultatea de Management Turistic şi Comercial din Timişoara,"Universitatea Creştină ""Dimitrie Cantemir"" din Bucureşti",57,0,2020
390,Facultatea de Geografia Turismului din Sibiu,"Universitatea Creştină ""Dimitrie Cantemir"" din Bucureşti",57,0,2020
389,Facultatea de Ştiinţe Economice din Cluj-Napoca,"Universitatea Creştină ""Dimitrie Cantemir"" din Bucureşti",57,0,2020
388,Facultatea de Drept din Cluj - Napoca,"Universitatea Creştină ""Dimitrie Cantemir"" din Bucureşti",57,0,2020
387,Facultatea de Limbi şi Literaturi Străine,"Universitatea Creştină ""Dimitrie Cantemir"" din Bucureşti",57,0,2020
386,Facultatea de Ştiinţe ale comunicării,"Universitatea Creştină ""Dimitrie Cantemir"" din Bucureşti",57,0,2020
383,Facultatea de Istorie,"Universitatea Creştină ""Dimitrie Cantemir"" din Bucureşti",57,0,2020
382,Facultatea de Management Turistic şi Comercial,"Universitatea Creştină ""Dimitrie Cantemir"" din Bucureşti",57,0,2020
381,Facultatea de Ştiinţe Juridice şi Administrative,"Universitatea Creştină ""Dimitrie Cantemir"" din Bucureşti",57,0,2020
380,Facultatea de Management Militar,"Academia Forţelor Terestre ""Nicolae Bălcescu"" din Sibiu",56,0,2020
377,Facultatea de Management Aeronautic,"Academia Forţelor Aeriene ""Henri Coandă"" din Braşov",54,0,2020
376,Facultatea de Arhivistică,"Academia de Poliţie ""Alexandru Ioan Cuza"" din Bucureşti",53,0,2020
375,Facultatea de Pompieri,"Academia de Poliţie ""Alexandru Ioan Cuza"" din Bucureşti",53,0,2020
374,Facultatea de Poliţie,"Academia de Poliţie ""Alexandru Ioan Cuza"" din Bucureşti",53,0,2020
373,Facultatea de Informaţii,"Academia Naţională de Informaţii ""Mihai Viteazul"" din Bucureşti",52,0,2020
372,Facultatea de Comandă şi Stat Major,"Universitatea Naţională de Apărare ""Carol I"" din Bucureşti",51,0,2020
369,Facultatea de Farmacie,"Universitatea de Medicină şi Farmacie ""Victor Babeş"" din Timişoara",49,0,2020
368,Facultatea de Medicină Dentară,"Universitatea de Medicină şi Farmacie ""Victor Babeş"" din Timişoara",49,0,2020
367,Facultatea de Medicină,"Universitatea de Medicină şi Farmacie ""Victor Babeş"" din Timişoara",49,0,2020
366,Facultatea de Educaţie Fizică şi Sport,Universitatea de Vest din Timişoara,48,0,2020
365,Facultatea de Muzică şi Teatru,Universitatea de Vest din Timişoara,48,0,2020
364,Facultatea de Arte şi Design,Universitatea de Vest din Timişoara,48,0,2020
363,Facultatea de Economie şi de Administrare a Afacerilor,Universitatea de Vest din Timişoara,48,0,2020
362,Facultatea de Sociologie şi Psihologie,Universitatea de Vest din Timişoara,48,0,2020
361,Facultatea de Drept,Universitatea de Vest din Timişoara,48,0,2020
360,"Facultatea de Ştiinţe Politice, Filosofie şi Ştiinţe ale Comunicării",Universitatea de Vest din Timişoara,48,0,2020
359,"Facultatea de Litere, Istorie şi Teologie",Universitatea de Vest din Timişoara,48,0,2020
358,"Facultatea de Chimie, Biologie, Geografie",Universitatea de Vest din Timişoara,48,0,2020
357,Facultatea de Fizică,Universitatea de Vest din Timişoara,48,0,2020
356,Facultatea de Matematică şi Informatică,Universitatea de Vest din Timişoara,48,0,2020
355,Facultatea de Bioingineria Resurselor Animaliere,"Universitatea de Ştiinţe Agricole şi Medicină Veterinară a Banatului ""Regele Mihai I al României"" din Timişoara",47,0,2020
354,Facultatea de Inginerie Alimentară,"Universitatea de Ştiinţe Agricole şi Medicină Veterinară a Banatului ""Regele Mihai I al României"" din Timişoara",47,0,2020
353,Facultatea de Medicină Veterinară,"Universitatea de Ştiinţe Agricole şi Medicină Veterinară a Banatului ""Regele Mihai I al României"" din Timişoara",47,0,2020
352,Facultatea de Management și Turism Rural,"Universitatea de Ştiinţe Agricole şi Medicină Veterinară a Banatului ""Regele Mihai I al României"" din Timişoara",47,0,2020
351,Facultatea de Horticultură şi Silvicultură,"Universitatea de Ştiinţe Agricole şi Medicină Veterinară a Banatului ""Regele Mihai I al României"" din Timişoara",47,0,2020
350,Facultatea de Agricultură,"Universitatea de Ştiinţe Agricole şi Medicină Veterinară a Banatului ""Regele Mihai I al României"" din Timişoara",47,0,2020
349,Facultatea de Inginerie din Hunedoara,Universitatea Politehnica Timişoara,46,0,2020
348,Facultatea de Ştiinţe ale comunicării,Universitatea Politehnica Timişoara,46,0,2020
347,Facultatea de Mecanică,Universitatea Politehnica Timişoara,46,0,2020
346,Facultatea de Management în Producţie şi Transporturi,Universitatea Politehnica Timişoara,46,0,2020
344,FACULTATEA DE ELECTROTEHNICĂ ŞI ELECTROENERGETICĂ,Universitatea Politehnica Timişoara,46,0,2020
343,"Facultatea de Electronică, Telecomunicaţii şi Tehnologii Informaţionale",Universitatea Politehnica Timişoara,46,0,2020
342,Facultatea de Arhitectură şi Urbanism,Universitatea Politehnica Timişoara,46,0,2020
341,Facultatea de Construcţii,Universitatea Politehnica Timişoara,46,0,2020
340,Facultatea de Chimie Industrială şi Ingineria Mediului,Universitatea Politehnica Timişoara,46,0,2020
339,Facultatea de Automatică şi Calculatoare,Universitatea Politehnica Timişoara,46,0,2020
336,Facultatea de Farmacie,"Universitatea de Medicină, Farmacie, Științe și Tehnologie ""George Emil Palade"" din Târgu Mureș",44,0,2020
335,Facultatea de Medicină Dentară,"Universitatea de Medicină, Farmacie, Științe și Tehnologie ""George Emil Palade"" din Târgu Mureș",44,0,2020
334,Facultatea de Medicină,"Universitatea de Medicină, Farmacie, Științe și Tehnologie ""George Emil Palade"" din Târgu Mureș",44,0,2020
333,Facultatea de Economie şi Drept,"Universitatea de Medicină, Farmacie, Științe și Tehnologie ""George Emil Palade"" din Târgu Mureș",44,0,2020
332,"Facultatea de Ştiinţe şi Litere ""Petru Maior""","Universitatea de Medicină, Farmacie, Științe și Tehnologie ""George Emil Palade"" din Târgu Mureș",44,0,2020
331,Facultatea de Inginerie și Tehnologia Informației,"Universitatea de Medicină, Farmacie, Științe și Tehnologie ""George Emil Palade"" din Târgu Mureș",44,0,2020
330,Facultatea de Ştiinţe Medicale şi Comportamentale,"Universitatea ""Constantin Brâncuşi"" din Târgu Jiu",42,0,2020
327,Facultatea de Ştiinţe Economice,"Universitatea ""Constantin Brâncuşi"" din Târgu Jiu",42,0,2020
326,Facultatea de Inginerie,"Universitatea ""Constantin Brâncuşi"" din Târgu Jiu",42,0,2020
325,Facultatea de Ingineria Mediului şi Ştiinţa Alimentelor,"Universitatea ""Valahia"" din Târgovişte",41,0,2020
324,Facultatea de Ingineria Materialelor şi Mecanică,"Universitatea ""Valahia"" din Târgovişte",41,0,2020
323,"Facultatea de Inginerie Electrică, Electronică şi Tehnologia Informaţiei","Universitatea ""Valahia"" din Târgovişte",41,0,2020
322,Facultatea de Ştiinţe şi Arte,"Universitatea ""Valahia"" din Târgovişte",41,0,2020
321,Facultatea de Teologie Ortodoxă şi Ştiinţele Educaţiei,"Universitatea ""Valahia"" din Târgovişte",41,0,2020
320,Facultatea de Ştiinţe Umaniste,"Universitatea ""Valahia"" din Târgovişte",41,0,2020
319,Facultatea de Drept şi Ştiinţe Administrative,"Universitatea ""Valahia"" din Târgovişte",41,0,2020
318,Facultatea de Ştiinţe Economice,"Universitatea ""Valahia"" din Târgovişte",41,0,2020
317,Facultatea de Ştiinţe ale Educaţiei,"Universitatea ""Ştefan cel Mare"" din Suceava",40,0,2020
316,Facultatea de Ştiinţe Economice şi Administraţie Publică,"Universitatea ""Ştefan cel Mare"" din Suceava",40,0,2020
315,Facultatea de Silvicultură,"Universitatea ""Ştefan cel Mare"" din Suceava",40,0,2020
314,Facultatea de Litere şi Ştiinţe ale Comunicării,"Universitatea ""Ştefan cel Mare"" din Suceava",40,0,2020
313,Facultatea de Istorie şi Geografie,"Universitatea ""Ştefan cel Mare"" din Suceava",40,0,2020
312,"Facultatea de Inginerie Mecanică, Mecatronică şi Management","Universitatea ""Ştefan cel Mare"" din Suceava",40,0,2020
311,Facultatea de Inginerie Electrică şi Ştiinţa Calculatoarelor,"Universitatea ""Ştefan cel Mare"" din Suceava",40,0,2020
310,Facultatea de Inginerie Alimentară,"Universitatea ""Ştefan cel Mare"" din Suceava",40,0,2020
309,Facultatea de Educaţie Fizică şi Sport,"Universitatea ""Ştefan cel Mare"" din Suceava",40,0,2020
305,Facultatea de Ştiinţe Economice,"Universitatea ""Lucian Blaga"" din Sibiu",39,0,2020
304,"Facultatea de Ştiinţe Agricole, Industrie Alimentară şi Protecţia Mediului","Universitatea ""Lucian Blaga"" din Sibiu",39,0,2020
303,Facultatea de Medicină,"Universitatea ""Lucian Blaga"" din Sibiu",39,0,2020
302,Facultatea de Ştiinţe,"Universitatea ""Lucian Blaga"" din Sibiu",39,0,2020
301,Facultatea de Inginerie,"Universitatea ""Lucian Blaga"" din Sibiu",39,0,2020
299,Facultatea de Litere şi Arte,"Universitatea ""Lucian Blaga"" din Sibiu",39,0,2020
298,Facultatea de Drept,"Universitatea ""Lucian Blaga"" din Sibiu",39,0,2020
297,Facultatea de Teologie,"Universitatea ""Lucian Blaga"" din Sibiu",39,0,2020
294,Facultatea de Litere şi Ştiinţe,Universitatea Petrol-Gaze din Ploieşti,37,0,2020
293,Facultatea de Ştiinţe Economice,Universitatea Petrol-Gaze din Ploieşti,37,0,2020
292,Facultatea de Tehnologia Petrolului şi Petrochimie,Universitatea Petrol-Gaze din Ploieşti,37,0,2020
291,Facultatea de Ingineria Petrolului şi Gazelor,Universitatea Petrol-Gaze din Ploieşti,37,0,2020
290,Facultatea de Inginerie Mecanică şi Electrică,Universitatea Petrol-Gaze din Ploieşti,37,0,2020
282,"Facultatea de Electronică, Comunicaţii şi Calculatoare",Universitatea din Piteşti,36,0,2020
281,Facultatea de Mecanică şi Tehnologie,Universitatea din Piteşti,36,0,2020
278,Facultatea de Ştiinţe,Universitatea din Petroşani,35,0,2020
277,Facultatea de Inginerie Mecanică şi Electrică,Universitatea din Petroşani,35,0,2020
276,Facultatea de Mine,Universitatea din Petroşani,35,0,2020
274,"Facultatea de Teologie Ortodoxă ""Episcop Dr. Vasile Coman""",Universitatea din Oradea,34,0,2020
273,Facultatea de Ştiinţe Socio - Umane,Universitatea din Oradea,34,0,2020
271,Facultatea de Drept,Universitatea din Oradea,34,0,2020
270,Facultatea de Ştiinţe Economice,Universitatea din Oradea,34,0,2020
269,Facultatea de Informatică și Ştiinţe,Universitatea din Oradea,34,0,2020
268,Facultatea de Protecţia Mediului,Universitatea din Oradea,34,0,2020
266,Facultatea de Medicină şi Farmacie,Universitatea din Oradea,34,0,2020
265,Facultatea de Litere,Universitatea din Oradea,34,0,2020
263,Facultatea de Inginerie Managerială şi Tehnologică,Universitatea din Oradea,34,0,2020
262,Facultatea de Inginerie Electrică şi Tehnologia Informaţiei,Universitatea din Oradea,34,0,2020
258,"Facultatea de Construcţii, Cadastru şi Arhitectură",Universitatea din Oradea,34,0,2020
257,Facultatea de Arte Vizuale şi Design,"Universitatea Naţională de Arte ""George Enescu"" din Iaşi",33,0,2020
254,Facultatea de Bioinginerie Medicală,"Universitatea de Medicină şi Farmacie ""Grigore T. Popa"" din Iaşi",32,0,2020
253,Facultatea de Farmacie,"Universitatea de Medicină şi Farmacie ""Grigore T. Popa"" din Iaşi",32,0,2020
252,Facultatea de Medicină Dentară,"Universitatea de Medicină şi Farmacie ""Grigore T. Popa"" din Iaşi",32,0,2020
251,Facultatea de Medicină,"Universitatea de Medicină şi Farmacie ""Grigore T. Popa"" din Iaşi",32,0,2020
250,Facultatea de Teologie Romano-Catolică,"Universitatea ""Alexandru Ioan Cuza"" din Iaşi",31,0,2020
249,Facultatea de Teologie Ortodoxă,"Universitatea ""Alexandru Ioan Cuza"" din Iaşi",31,0,2020
248,Facultatea de Psihologie şi Ştiinţe ale Educaţiei,"Universitatea ""Alexandru Ioan Cuza"" din Iaşi",31,0,2020
247,Facultatea de Matematică,"Universitatea ""Alexandru Ioan Cuza"" din Iaşi",31,0,2020
246,Facultatea de Litere,"Universitatea ""Alexandru Ioan Cuza"" din Iaşi",31,0,2020
245,Facultatea de Istorie,"Universitatea ""Alexandru Ioan Cuza"" din Iaşi",31,0,2020
244,Facultatea de Informatică,"Universitatea ""Alexandru Ioan Cuza"" din Iaşi",31,0,2020
243,Facultatea de Geografie şi Geologie,"Universitatea ""Alexandru Ioan Cuza"" din Iaşi",31,0,2020
242,Facultatea de Fizică,"Universitatea ""Alexandru Ioan Cuza"" din Iaşi",31,0,2020
241,Facultatea de Filosofie şi Ştiinţe Social - Politice,"Universitatea ""Alexandru Ioan Cuza"" din Iaşi",31,0,2020
240,Facultatea de Educaţie Fizică şi Sport,"Universitatea ""Alexandru Ioan Cuza"" din Iaşi",31,0,2020
239,Facultatea de Economie şi Administrarea Afacerilor,"Universitatea ""Alexandru Ioan Cuza"" din Iaşi",31,0,2020
238,Facultatea de Drept,"Universitatea ""Alexandru Ioan Cuza"" din Iaşi",31,0,2020
237,Facultatea de Chimie,"Universitatea ""Alexandru Ioan Cuza"" din Iaşi",31,0,2020
236,Facultatea de Biologie,"Universitatea ""Alexandru Ioan Cuza"" din Iaşi",31,0,2020
235,Facultatea de Medicină Veterinară,"Universitatea de Ştiinţe Agricole şi Medicină Veterinară ""Ion Ionescu de La Brad"" din Iaşi",30,0,2020
234,Facultatea de Zootehnie,"Universitatea de Ştiinţe Agricole şi Medicină Veterinară ""Ion Ionescu de La Brad"" din Iaşi",30,0,2020
233,Facultatea de Horticultură,"Universitatea de Ştiinţe Agricole şi Medicină Veterinară ""Ion Ionescu de La Brad"" din Iaşi",30,0,2020
232,Facultatea de Agricultură,"Universitatea de Ştiinţe Agricole şi Medicină Veterinară ""Ion Ionescu de La Brad"" din Iaşi",30,0,2020
231,"Facultatea de Arhitectură ""G.M. Cantacuzino""","Universitatea Tehnică ""Gheorghe Asachi"" din Iaşi",29,0,2020
230,Facultatea de Design industrial şi Managementul Afacerilor,"Universitatea Tehnică ""Gheorghe Asachi"" din Iaşi",29,0,2020
229,Facultatea de Ştiinţa şi Ingineria Materialelor,"Universitatea Tehnică ""Gheorghe Asachi"" din Iaşi",29,0,2020
228,Facultatea de Mecanică,"Universitatea Tehnică ""Gheorghe Asachi"" din Iaşi",29,0,2020
227,"Facultatea de Hidrotehnică, Geodezie şi Ingineria Mediului","Universitatea Tehnică ""Gheorghe Asachi"" din Iaşi",29,0,2020
226,"Facultatea de Inginerie Electrică, Energetică şi Informatică Aplicată","Universitatea Tehnică ""Gheorghe Asachi"" din Iaşi",29,0,2020
225,"Facultatea de Electronică, Telecomunicaţii şi Tehnologia Informaţiei","Universitatea Tehnică ""Gheorghe Asachi"" din Iaşi",29,0,2020
224,Facultatea de Construcţii de Maşini şi Management Industrial,"Universitatea Tehnică ""Gheorghe Asachi"" din Iaşi",29,0,2020
223,Facultatea de Construcţii şi Instalaţii,"Universitatea Tehnică ""Gheorghe Asachi"" din Iaşi",29,0,2020
222,"Facultatea de Inginerie Chimică şi Protecţia Mediului ""Cristofor Simionescu""","Universitatea Tehnică ""Gheorghe Asachi"" din Iaşi",29,0,2020
221,Facultatea de Automatică şi Calculatoare,"Universitatea Tehnică ""Gheorghe Asachi"" din Iaşi",29,0,2020
220,Facultatea Transfrontalieră,"Universitatea ""Dunărea de Jos"" din Galaţi",28,0,2020
219,Facultatea de Educaţie Fizică şi Sport,"Universitatea ""Dunărea de Jos"" din Galaţi",28,0,2020
218,"Facultatea de Ştiinţe Juridice, Sociale şi Politice","Universitatea ""Dunărea de Jos"" din Galaţi",28,0,2020
217,Facultatea de Economie şi Administrarea Afacerilor,"Universitatea ""Dunărea de Jos"" din Galaţi",28,0,2020
216,Facultatea de Arte,"Universitatea ""Dunărea de Jos"" din Galaţi",28,0,2020
215,"Facultatea de Istorie, Filosofie şi Teologie","Universitatea ""Dunărea de Jos"" din Galaţi",28,0,2020
214,Facultatea de Litere,"Universitatea ""Dunărea de Jos"" din Galaţi",28,0,2020
213,Facultatea de Ştiinţe şi Mediu,"Universitatea ""Dunărea de Jos"" din Galaţi",28,0,2020
212,Facultatea de Medicină şi Farmacie,"Universitatea ""Dunărea de Jos"" din Galaţi",28,0,2020
211,Facultatea de Ştiinţa şi Ingineria Alimentelor,"Universitatea ""Dunărea de Jos"" din Galaţi",28,0,2020
210,Facultatea de Inginerie şi Agronomie din Brăila,"Universitatea ""Dunărea de Jos"" din Galaţi",28,0,2020
208,"Facultatea de Automatică, Calculatoare, Inginerie Electrică şi Electronică","Universitatea ""Dunărea de Jos"" din Galaţi",28,0,2020
207,Facultatea de Arhitectură Navală,"Universitatea ""Dunărea de Jos"" din Galaţi",28,0,2020
206,Facultatea de Inginerie,"Universitatea ""Dunărea de Jos"" din Galaţi",28,0,2020
205,Facultatea de Farmacie,Universitatea de Medicină şi Farmacie din Craiova,27,0,2020
204,Facultatea de Medicină Dentară,Universitatea de Medicină şi Farmacie din Craiova,27,0,2020
203,Facultatea de Moaşe şi Asistenţă Medicală,Universitatea de Medicină şi Farmacie din Craiova,27,0,2020
202,Facultatea de Medicină,Universitatea de Medicină şi Farmacie din Craiova,27,0,2020
198,"Facultatea de Automatică, Calculatoare şi Electronică",Universitatea din Craiova,26,0,2020
195,Facultatea de Mecanică,Universitatea din Craiova,26,0,2020
194,Facultatea de Economie şi Administrarea Afacerilor,Universitatea din Craiova,26,0,2020
192,Facultatea de Teologie Ortodoxă,Universitatea din Craiova,26,0,2020
190,Facultatea de Litere,Universitatea din Craiova,26,0,2020
189,Facultatea de Educaţie Fizică şi Sport,Universitatea din Craiova,26,0,2020
185,Facultatea de Electromecanică Navală,Universitatea Maritimă din Constanţa,25,0,2020
184,Facultatea de Navigaţie şi Transport Naval,Universitatea Maritimă din Constanţa,25,0,2020
183,Facultatea de Psihologie şi Ştiinţele Educaţiei,"Universitatea ""Ovidius"" din Constanţa",24,0,2020
182,Facultatea de Arte,"Universitatea ""Ovidius"" din Constanţa",24,0,2020
181,Facultatea de Construcţii,"Universitatea ""Ovidius"" din Constanţa",24,0,2020
180,"Facultatea de Inginerie Mecanică, Industrială şi Maritimă","Universitatea ""Ovidius"" din Constanţa",24,0,2020
179,Facultatea de Farmacie,"Universitatea ""Ovidius"" din Constanţa",24,0,2020
178,Facultatea de Medicină Dentară,"Universitatea ""Ovidius"" din Constanţa",24,0,2020
177,Facultatea de Medicină,"Universitatea ""Ovidius"" din Constanţa",24,0,2020
176,Facultatea de Ştiinţe Economice,"Universitatea ""Ovidius"" din Constanţa",24,0,2020
175,Facultatea de Matematică şi Informatică,"Universitatea ""Ovidius"" din Constanţa",24,0,2020
174,Facultatea de Ştiinţe Aplicate şi Inginerie,"Universitatea ""Ovidius"" din Constanţa",24,0,2020
173,Facultatea de Educaţie Fizică şi Sport,"Universitatea ""Ovidius"" din Constanţa",24,0,2020
172,Facultatea de Ştiinţe ale Naturii şi Ştiinţe Agricole,"Universitatea ""Ovidius"" din Constanţa",24,0,2020
171,Facultatea de Drept și Ştiinţe Administrative,"Universitatea ""Ovidius"" din Constanţa",24,0,2020
170,Facultatea de Istorie şi Ştiinţe Politice,"Universitatea ""Ovidius"" din Constanţa",24,0,2020
169,Facultatea de Teologie,"Universitatea ""Ovidius"" din Constanţa",24,0,2020
168,Facultatea de Litere,"Universitatea ""Ovidius"" din Constanţa",24,0,2020
167,Facultatea de Arte Decorative şi Design,Universitatea de Artă şi Design din Cluj-Napoca,23,0,2020
166,Facultatea de Arte Plastice,Universitatea de Artă şi Design din Cluj-Napoca,23,0,2020
164,Facultatea Teoretică,"Academia de Muzică ""Gheorghe Dima"" din Cluj-Napoca",22,0,2020
162,Facultatea de Interpretare Muzicală,"Academia de Muzică ""Gheorghe Dima"" din Cluj-Napoca",22,0,2020
161,Facultatea de Farmacie,"Universitatea de Medicină şi Farmacie ""Iuliu Haţieganu"" din Cluj-Napoca",21,0,2020
160,Facultatea  de Medicină Dentară,"Universitatea de Medicină şi Farmacie ""Iuliu Haţieganu"" din Cluj-Napoca",21,0,2020
159,Facultatea de Medicină,"Universitatea de Medicină şi Farmacie ""Iuliu Haţieganu"" din Cluj-Napoca",21,0,2020
158,Facultatea de Teatru şi Film,"Universitatea ""Babeş-Bolyai"" din Cluj-Napoca",20,0,2020
157,Facultatea de Teologie Romano-Catolică,"Universitatea ""Babeş-Bolyai"" din Cluj-Napoca",20,0,2020
156,Facultatea de Teologie Reformată șI Muzică,"Universitatea ""Babeş-Bolyai"" din Cluj-Napoca",20,0,2020
155,Facultatea de Teologie Greco-Catolică,"Universitatea ""Babeş-Bolyai"" din Cluj-Napoca",20,0,2020
154,Facultatea de Teologie Ortodoxă,"Universitatea ""Babeş-Bolyai"" din Cluj-Napoca",20,0,2020
153,Facultatea de Educaţie Fizică şi Sport,"Universitatea ""Babeş-Bolyai"" din Cluj-Napoca",20,0,2020
152,"Facultatea de Ştiinţe Politice, Administrative şi ale Comunicării","Universitatea ""Babeş-Bolyai"" din Cluj-Napoca",20,0,2020
151,Facultatea de Business,"Universitatea ""Babeş-Bolyai"" din Cluj-Napoca",20,0,2020
150,Facultatea de Studii Europene,"Universitatea ""Babeş-Bolyai"" din Cluj-Napoca",20,0,2020
149,Facultatea de Ştiinţe Economice şi Gestiunea Afacerilor,"Universitatea ""Babeş-Bolyai"" din Cluj-Napoca",20,0,2020
148,Facultatea de Psihologie şi Ştiinţe ale Educaţiei,"Universitatea ""Babeş-Bolyai"" din Cluj-Napoca",20,0,2020
147,Facultatea de Sociologie şi Asistenţă Socială,"Universitatea ""Babeş-Bolyai"" din Cluj-Napoca",20,0,2020
146,Facultatea de Istorie şi Filosofie,"Universitatea ""Babeş-Bolyai"" din Cluj-Napoca",20,0,2020
145,Facultatea de Litere,"Universitatea ""Babeş-Bolyai"" din Cluj-Napoca",20,0,2020
144,Facultatea de Drept,"Universitatea ""Babeş-Bolyai"" din Cluj-Napoca",20,0,2020
143,Facultatea de Ştiinţa şi Ingineria Mediului,"Universitatea ""Babeş-Bolyai"" din Cluj-Napoca",20,0,2020
142,Facultatea de Geografie,"Universitatea ""Babeş-Bolyai"" din Cluj-Napoca",20,0,2020
141,Facultatea de Biologie şi Geologie,"Universitatea ""Babeş-Bolyai"" din Cluj-Napoca",20,0,2020
140,Facultatea de Chimie şi Inginerie Chimică,"Universitatea ""Babeş-Bolyai"" din Cluj-Napoca",20,0,2020
139,Facultatea de Fizică,"Universitatea ""Babeş-Bolyai"" din Cluj-Napoca",20,0,2020
138,Facultatea de Matematică şi Informatică,"Universitatea ""Babeş-Bolyai"" din Cluj-Napoca",20,0,2020
137,Facultatea de Medicină Veterinară,Universitatea de Ştiinţe Agricole şi Medicină Veterinară din Cluj-Napoca,19,0,2020
136,Facultatea de Zootehnie şi Biotehnologii,Universitatea de Ştiinţe Agricole şi Medicină Veterinară din Cluj-Napoca,19,0,2020
135,Facultatea de Horticultură,Universitatea de Ştiinţe Agricole şi Medicină Veterinară din Cluj-Napoca,19,0,2020
134,Facultatea de Agricultură,Universitatea de Ştiinţe Agricole şi Medicină Veterinară din Cluj-Napoca,19,0,2020
133,Facultatea de Ingineria Materialelor şi a Mediului,Universitatea Tehnică din Cluj-Napoca,18,0,2020
132,"Facultatea de Autovehicule rutiere, Mecatronică și Mecanică",Universitatea Tehnică din Cluj-Napoca,18,0,2020
131,Facultatea de Inginerie a Instalaţiilor,Universitatea Tehnică din Cluj-Napoca,18,0,2020
130,Facultatea de Inginerie Electrică,Universitatea Tehnică din Cluj-Napoca,18,0,2020
129,"Facultatea de Electronică, Telecomunicaţii şi Tehnologia Informaţiei",Universitatea Tehnică din Cluj-Napoca,18,0,2020
128,Facultatea de Construcţii de Maşini,Universitatea Tehnică din Cluj-Napoca,18,0,2020
127,Facultatea de Construcţii,Universitatea Tehnică din Cluj-Napoca,18,0,2020
126,Facultatea de Automatică şi Calculatoare,Universitatea Tehnică din Cluj-Napoca,18,0,2020
125,Facultatea de Arhitectură şi Urbanism,Universitatea Tehnică din Cluj-Napoca,18,0,2020
124,Facultatea de Sociologie şi Comunicare,"Universitatea ""Transilvania"" din Braşov",17,0,2020
123,Facultatea de Drept,"Universitatea ""Transilvania"" din Braşov",17,0,2020
122,Facultatea de Litere,"Universitatea ""Transilvania"" din Braşov",17,0,2020
121,Facultatea de Medicină,"Universitatea ""Transilvania"" din Braşov",17,0,2020
120,Facultatea de Muzică,"Universitatea ""Transilvania"" din Braşov",17,0,2020
119,Facultatea de Educaţie Fizică şi Sporturi Montane,"Universitatea ""Transilvania"" din Braşov",17,0,2020
118,Facultatea de Psihologie şi Ştiinţele Educaţiei,"Universitatea ""Transilvania"" din Braşov",17,0,2020
117,Facultatea de Ştiinţe Economice şi Administrarea Afacerilor,"Universitatea ""Transilvania"" din Braşov",17,0,2020
116,Facultatea de Matematică şi Informatică,"Universitatea ""Transilvania"" din Braşov",17,0,2020
115,Facultatea de Design de Produs şi Mediu,"Universitatea ""Transilvania"" din Braşov",17,0,2020
114,Facultatea de Alimentaţie şi Turism,"Universitatea ""Transilvania"" din Braşov",17,0,2020
113,Facultatea de Construcţii,"Universitatea ""Transilvania"" din Braşov",17,0,2020
112,Facultatea de Design de Mobilier și Inginerie a Lemnului,"Universitatea ""Transilvania"" din Braşov",17,0,2020
111,Facultatea de Silvicultură şi Exploatări Forestiere,"Universitatea ""Transilvania"" din Braşov",17,0,2020
110,Facultatea de Inginerie Electrică şi Ştiinţa Calculatoarelor,"Universitatea ""Transilvania"" din Braşov",17,0,2020
109,Facultatea de Ştiinţa şi Ingineria Materialelor,"Universitatea ""Transilvania"" din Braşov",17,0,2020
108,Facultatea de Inginerie Tehnologică şi Management Industrial,"Universitatea ""Transilvania"" din Braşov",17,0,2020
107,Facultatea de Inginerie Mecanică,"Universitatea ""Transilvania"" din Braşov",17,0,2020
106,Facultatea de Ştiinţe,Universitatea Tehnică din Cluj-Napoca,18,0,2020
105,Facultatea de Litere,Universitatea Tehnică din Cluj-Napoca,18,0,2020
103,Facultatea de Inginerie,Universitatea Tehnică din Cluj-Napoca,18,0,2020
101,Facultatea de Ştiinţe Economice,"Universitatea ""Vasile Alecsandri"" din Bacău",15,0,2020
100,Facultatea de Ştiinţe,"Universitatea ""Vasile Alecsandri"" din Bacău",15,0,2020
99,"Facultatea de Ştiinţe ale Mişcării, Sportului şi Sănătăţii","Universitatea ""Vasile Alecsandri"" din Bacău",15,0,2020
98,Facultatea de Litere,"Universitatea ""Vasile Alecsandri"" din Bacău",15,0,2020
97,Facultatea de Inginerie,"Universitatea ""Vasile Alecsandri"" din Bacău",15,0,2020
96,Facultatea de Design,"Universitatea ""Aurel Vlaicu"" din Arad",14,0,2020
95,Facultatea de Educaţie Fizică şi Sport,"Universitatea ""Aurel Vlaicu"" din Arad",14,0,2020
94,"Facultatea de Ştiinţe ale Educaţiei, Psihologie şi Asistenţă Socială","Universitatea ""Aurel Vlaicu"" din Arad",14,0,2020
93,Facultatea de Ştiinţe Exacte,"Universitatea ""Aurel Vlaicu"" din Arad",14,0,2020
92,"Facultatea de Teologie Ortodoxă ""Ilarion V. Felea""","Universitatea ""Aurel Vlaicu"" din Arad",14,0,2020
91,Facultatea de Ştiinţe Economice,"Universitatea ""Aurel Vlaicu"" din Arad",14,0,2020
90,Facultatea de Ştiinţe Umaniste şi Sociale,"Universitatea ""Aurel Vlaicu"" din Arad",14,0,2020
89,"Facultatea de Inginerie Alimentară, Turism şi Protecţia Mediului","Universitatea ""Aurel Vlaicu"" din Arad",14,0,2020
88,Facultatea de Inginerie,"Universitatea ""Aurel Vlaicu"" din Arad",14,0,2020
87,Facultatea de Teologie Ortodoxă,"Universitatea ""1 decembrie 1918"" din Alba Iulia",13,0,2020
86,Facultatea de Drept şi Ştiinţe Sociale,"Universitatea ""1 decembrie 1918"" din Alba Iulia",13,0,2020
85,Facultatea de Ştiinţe Economice,"Universitatea ""1 decembrie 1918"" din Alba Iulia",13,0,2020
84,Facultatea de Istorie şi Filologie,"Universitatea ""1 decembrie 1918"" din Alba Iulia",13,0,2020
83,Facultatea de Management,Şcoala Naţională de Studii Politice şi Administrative din Bucureşti,12,0,2020
82,Facultatea de Comunicare şi Relaţii Publice,Şcoala Naţională de Studii Politice şi Administrative din Bucureşti,12,0,2020
81,Facultatea de Ştiinţe Politice,Şcoala Naţională de Studii Politice şi Administrative din Bucureşti,12,0,2020
80,Facultatea de Administraţie Publică,Şcoala Naţională de Studii Politice şi Administrative din Bucureşti,12,0,2020
79,Facultatea de Kinetoterapie,Universitatea Naţională de Educaţie Fizică şi Sport din Bucureşti,11,0,2020
78,Facultatea de Educaţie Fizică şi Sport,Universitatea Naţională de Educaţie Fizică şi Sport din Bucureşti,11,0,2020
77,Facultatea de Film,"Universitatea Naţională de Artă Teatrală şi Cinematografică ""I. L. Caragiale"" din Bucureşti",10,0,2020
76,Facultatea de Teatru,"Universitatea Naţională de Artă Teatrală şi Cinematografică ""I. L. Caragiale"" din Bucureşti",10,0,2020
75,Facultatea de Istoria şi Teoria Artei,Universitatea Naţională de Arte din Bucureşti,9,0,2020
74,Facultatea de Arte Decorative şi Design,Universitatea Naţională de Arte din Bucureşti,9,0,2020
73,Facultatea de Arte Plastice,Universitatea Naţională de Arte din Bucureşti,9,0,2020
72,"Facultatea de Compoziţie, Muzicologie şi Pedagogie Muzicală",Universitatea Naţională de Muzică din Bucureşti,8,0,2020
71,Facultatea de Interpretare Muzicală,Universitatea Naţională de Muzică din Bucureşti,8,0,2020
70,Facultatea de Administraţie şi Management Public,Academia de Studii Economice din Bucureşti,7,0,2020
69,Facultatea de Relaţii Economice Internaţionale,Academia de Studii Economice din Bucureşti,7,0,2020
68,Facultatea de Contabilitate şi Informatică de Gestiune,Academia de Studii Economice din Bucureşti,7,0,2020
67,"Facultatea de Finanţe, Asigurări, Bănci şi Burse de Valori",Academia de Studii Economice din Bucureşti,7,0,2020
66,"Facultatea de Cibernetică, Statistică şi Informatică Economică",Academia de Studii Economice din Bucureşti,7,0,2020
65,Facultatea de Marketing,Academia de Studii Economice din Bucureşti,7,0,2020
64,Facultatea de Management,Academia de Studii Economice din Bucureşti,7,0,2020
63,Facultatea de Business şi Turism,Academia de Studii Economice din Bucureşti,7,0,2020
62,"Facultatea de Administrarea Afacerilor, cu predare în limbi străine",Academia de Studii Economice din Bucureşti,7,0,2020
61,Facultatea de Economie Agroalimentară şi a Mediului,Academia de Studii Economice din Bucureşti,7,0,2020
60,Facultatea de Economie Teoretică şi Aplicată,Academia de Studii Economice din Bucureşti,7,0,2020
59,Facultatea de Moaşe şi Asistenţă Medicală,"Universitatea de Medicină şi Farmacie ""Carol Davila"" din Bucureşti",6,0,2020
58,Facultatea de Farmacie,"Universitatea de Medicină şi Farmacie ""Carol Davila"" din Bucureşti",6,0,2020
57,Facultatea de Medicină Dentară,"Universitatea de Medicină şi Farmacie ""Carol Davila"" din Bucureşti",6,0,2020
56,Facultatea de Medicină,"Universitatea de Medicină şi Farmacie ""Carol Davila"" din Bucureşti",6,0,2020
54,Facultatea de Teologie Romano Catolică,Universitatea din Bucureşti,5,0,2020
53,Facultatea de Teologie Ortodoxă,Universitatea din Bucureşti,5,0,2020
52,Facultatea de Teologie Baptistă,Universitatea din Bucureşti,5,0,2020
51,Facultatea de Ştiinţe Politice,Universitatea din Bucureşti,5,0,2020
50,Facultatea de Psihologie şi Ştiinţele Educaţiei,Universitatea din Bucureşti,5,0,2020
49,Facultatea de Sociologie şi Asistenţă Socială,Universitatea din Bucureşti,5,0,2020
48,Facultatea de Matematică şi Informatică,Universitatea din Bucureşti,5,0,2020
47,Facultatea de Limbi şi Literaturi Străine,Universitatea din Bucureşti,5,0,2020
46,Facultatea de Litere,Universitatea din Bucureşti,5,0,2020
45,Facultatea de Jurnalism şi Ştiinţele Comunicării,Universitatea din Bucureşti,5,0,2020
44,Facultatea de Istorie,Universitatea din Bucureşti,5,0,2020
43,Facultatea de Geologie şi Geofizică,Universitatea din Bucureşti,5,0,2020
42,Facultatea de Geografie,Universitatea din Bucureşti,5,0,2020
41,Facultatea de Fizică,Universitatea din Bucureşti,5,0,2020
40,Facultatea de Filosofie,Universitatea din Bucureşti,5,0,2020
39,Facultatea de Drept,Universitatea din Bucureşti,5,0,2020
38,Facultatea de Chimie,Universitatea din Bucureşti,5,0,2020
37,Facultatea de Biologie,Universitatea din Bucureşti,5,0,2020
36,Facultatea de Administraţie şi Afaceri,Universitatea din Bucureşti,5,0,2020
35,Facultatea de Management şi Dezvoltare Rurală - Filiala Călăraşi,Universitatea de Științe Agronomice și Medicină Veterinară din București,4,0,2020
34,Facultatea de Management şi Dezvoltare Rurală - Filiala Slatina,Universitatea de Științe Agronomice și Medicină Veterinară din București,4,0,2020
33,Facultatea de Îmbunătăţiri Funciare şi Ingineria Mediului,Universitatea de Științe Agronomice și Medicină Veterinară din București,4,0,2020
32,Facultatea de Biotehnologii,Universitatea de Științe Agronomice și Medicină Veterinară din București,4,0,2020
31,Facultatea de Medicină Veterinară,Universitatea de Științe Agronomice și Medicină Veterinară din București,4,0,2020
30,Facultatea de Ingineria și Gestiunea Producțiilor Animaliere,Universitatea de Științe Agronomice și Medicină Veterinară din București,4,0,2020
29,Facultatea de Horticultură,Universitatea de Științe Agronomice și Medicină Veterinară din București,4,0,2020
28,Facultatea de Management şi Dezvoltare Rurală,Universitatea de Științe Agronomice și Medicină Veterinară din București,4,0,2020
27,Facultatea de Agricultură,Universitatea de Științe Agronomice și Medicină Veterinară din București,4,0,2020
26,Facultatea de Urbanism,"Universitatea de Arhitectură şi Urbanism ""Ion Mincu"" din Bucureşti",3,0,2020
25,Facultatea de Arhitectură de Interior,"Universitatea de Arhitectură şi Urbanism ""Ion Mincu"" din Bucureşti",3,0,2020
24,Facultatea de Arhitectură,"Universitatea de Arhitectură şi Urbanism ""Ion Mincu"" din Bucureşti",3,0,2020
23,Departamentul de Limbi Străine şi Comunicare,Universitatea Tehnică de Construcţii din Bucureşti,2,0,2020
22,Facultatea de Inginerie în Limbi Străine,Universitatea Tehnică de Construcţii din Bucureşti,2,0,2020
21,Facultatea de Geodezie,Universitatea Tehnică de Construcţii din Bucureşti,2,0,2020
20,Facultatea de Utilaj Tehnologic,Universitatea Tehnică de Construcţii din Bucureşti,2,0,2020
19,Facultatea de Inginerie a Instalaţiilor,Universitatea Tehnică de Construcţii din Bucureşti,2,0,2020
18,"Facultatea de Căi Ferate, Drumuri şi Poduri",Universitatea Tehnică de Construcţii din Bucureşti,2,0,2020
17,Facultatea de Hidrotehnică,Universitatea Tehnică de Construcţii din Bucureşti,2,0,2020
16,"Facultatea de Construcţii Civile, Industriale şi Agricole",Universitatea Tehnică de Construcţii din Bucureşti,2,0,2020
15,"Facultatea de Antreprenoriat, Ingineria şi Managementul Afacerilor",Universitatea Politehnica din Bucureşti,1,0,2020
14,Facultatea de Inginerie Medicală,Universitatea Politehnica din Bucureşti,1,0,2020
13,Facultatea de Ştiinţe Aplicate,Universitatea Politehnica din Bucureşti,1,0,2020
12,Facultatea de Inginerie în Limbi Străine,Universitatea Politehnica din Bucureşti,1,0,2020
11,Facultatea de Chimie Aplicată şi Ştiinţa Materialelor,Universitatea Politehnica din Bucureşti,1,0,2020
10,Facultatea de Ştiinţa şi Ingineria Materialelor,Universitatea Politehnica din Bucureşti,1,0,2020
9,Facultatea de Inginerie Aerospaţială,Universitatea Politehnica din Bucureşti,1,0,2020
8,Facultatea de Transporturi,Universitatea Politehnica din Bucureşti,1,0,2020
7,Facultatea de Ingineria Sistemelor Biotehnice,Universitatea Politehnica din Bucureşti,1,0,2020
6,Facultatea de Inginerie Industrială și Robotică,Universitatea Politehnica din Bucureşti,1,0,2020
5,Facultatea de Inginerie Mecanică şi Mecatronică,Universitatea Politehnica din Bucureşti,1,0,2020
4,"Facultatea de Electronică, Telecomunicaţii şi Tehnologia Informaţiei",Universitatea Politehnica din Bucureşti,1,0,2020
3,Facultatea de Automatică şi Calculatoare,Universitatea Politehnica din Bucureşti,1,0,2020
2,Facultatea de Energetică,Universitatea Politehnica din Bucureşti,1,0,2020
1,Facultatea de Inginerie Electrică,Universitatea Politehnica din Bucureşti,1,0,2020
